{

    "data": [
      {       
        "productName": "Sweet Milk",
        "imageList": "../../assets/images/1.jpg",
        "rate": "100",
        "quantatity": 0
      },
      {       
        "productName": "Ajwain Biscuits",
        "imageList": "../../assets/images/2.jpg",
        "rate": "200",
        "quantatity": 0
      },
      {       
        "productName": "Akaash Namkin",
        "imageList": "../../assets/images/3.jpg",
        "rate": "130",
        "quantatity": 0
      },
      {       
        "productName": "Anjeer Dry Fruit",
        "imageList": "../../assets/images/4.jpg",
        "rate": "300",
        "quantatity": 0
      },
      {       
        "productName": "Champakali",
        "imageList": "../../assets/images/5.jpg",
        "rate": "400",
        "quantatity": 0
      },
      {       
        "productName": "CHOCO Biscuits",
        "imageList": "../../assets/images/6.jpg",
        "rate": "130",
        "quantatity": 0
      },
      {       
        "productName": "Chow Chow",
        "imageList": "../../assets/images/7.jpg",
        "rate": "300",
        "quantatity": 0
      },
      {       
        "productName": "Black Cake",
        "imageList": "../../assets/images/8.jpg",
        "rate": "400",
        "quantatity": 0
      }    

      
    ]
  }
  